tair_locus,class,ensembl_gene_id,ortholog_name,Species
AT1G04100.1,B,AT1G04100,AtIAA10,A. thaliana
AT1G04240.2,A,AT1G04240,AtIAA3,A. thaliana
AT1G04250.1,A,AT1G04250,AtIAA17,A. thaliana
AT1G04550.2,B,AT1G04550,AtIAA12,A. thaliana
AT1G15050.1,C,AT1G15050,AtIAA34,A. thaliana
AT1G15580.1,A,AT1G15580,AtIAA5,A. thaliana
AT1G51950.1,B,AT1G51950,AtIAA18,A. thaliana
AT1G52830.1,A,AT1G52830,AtIAA6,A. thaliana
AT1G80390.1,C,AT1G80390,AtIAA15,A. thaliana
AT2G01200.2,C,AT2G01200,AtIAA32,A. thaliana
AT2G22670.4,A,AT2G22670,AtIAA8,A. thaliana
AT2G33310.2,B,AT2G33310,AtIAA13,A. thaliana
AT2G46990.1,C,AT2G46990,AtIAA20,A. thaliana
AT3G04730.1,A,AT3G04730,AtIAA16,A. thaliana
AT3G15540.1,A,AT3G15540,AtIAA19,A. thaliana
AT3G16500.1,B,AT3G16500,AtIAA26,A. thaliana
AT3G17600.1,B,AT3G17600,AtIAA31,A. thaliana
AT3G23030.2,A,AT3G23030,AtIAA2,A. thaliana
AT3G23050.1,A,AT3G23050,AtIAA7,A. thaliana
AT3G62100.1,C,AT3G62100,AtIAA30,A. thaliana
AT4G14550.2,A,AT4G14550,AtIAA14,A. thaliana
AT4G14560.1,A,AT4G14560,AtIAA1,A. thaliana
AT4G28640.2,B,AT4G28640,AtIAA11,A. thaliana
AT4G29080.1,A,AT4G29080,AtIAA27,A. thaliana
AT4G32280.1,C,AT4G32280,AtIAA29,A. thaliana
AT5G25890.1,B,AT5G25890,AtIAA28,A. thaliana
AT5G43700.1,A,AT5G43700,AtIAA4,A. thaliana
AT5G57420.1,C,AT5G57420,AtIAA33,A. thaliana
AT5G65670.1,A,AT5G65670,AtIAA9,A. thaliana
Glyma.01G019400.2,A,Glyma.01G019400,GmIAA8-9-B/Glyma.01G019400.2,G. max
Glyma.01G039300.2,A,Glyma.01G039300,GmIAA27-B/Glyma.01G039300.2,G. max
Glyma.01G098000.3,A,Glyma.01G098000,GmIAA8-9-D/Glyma.01G098000.3,G. max
Glyma.02G000500.1,A,Glyma.02G000500,GmIAA1-4-D/Glyma.02G000500.1,G. max
Glyma.02G007300.1,B,Glyma.02G007300,GmIAA31-F/Glyma.02G007300.1,G. max
Glyma.02G142500.3,A,Glyma.02G142500,GmIAA16-F/Glyma.02G142500.3,G. max
Glyma.02G142600.1,A,Glyma.02G142600,GmIAA1-4-H/Glyma.02G142600.1,G. max
Glyma.02G218100.3,A,Glyma.02G218100,GmIAA8-9-H/Glyma.02G218100.3,G. max
Glyma.03G158600.1,A,Glyma.03G158600,GmIAA1-4-F/Glyma.03G158600.1,G. max
Glyma.03G158700.1,A,Glyma.03G158700,GmIAA16-H/Glyma.03G158700.1,G. max
Glyma.03G167400.9,B,Glyma.03G167400,GmIAA12-13-B/Glyma.03G167400.9,G. max
Glyma.03G224800.1,B,Glyma.03G224800,GmIAA31-D/Glyma.03G224800.1,G. max
Glyma.03G247400.1,A,Glyma.03G247400,GmIAA16-C/Glyma.03G247400.1,G. max
Glyma.04G066300.1,C,Glyma.04G066300,GmIAA29-B/Glyma.04G066300.1,G. max
Glyma.04G089900.1,A,Glyma.04G089900,GmIAA8-9-F/Glyma.04G089900.1,G. max
Glyma.05G229300.1,A,Glyma.05G229300,GmIAA27-A/Glyma.05G229300.1,G. max
Glyma.06G067700.1,C,Glyma.06G067700,GmIAA29-A/Glyma.06G067700.1,G. max
Glyma.06G091700.3,A,Glyma.06G091700,GmIAA8-9-E/Glyma.06G091700.3,G. max
Glyma.07G015200.1,B,Glyma.07G015200,GmIAA18/26/28-A/Glyma.07G015200.1,G. max
Glyma.07G018100.1,A,Glyma.07G018100,GmIAA27-G/Glyma.07G018100.1,G. max
Glyma.07G034200.1,A,Glyma.07G034200,GmIAA6/19-C/Glyma.07G034200.1,G. max
Glyma.08G036400.1,A,Glyma.08G036400,GmIAA27-C/Glyma.08G036400.1,G. max
Glyma.08G200700.1,B,Glyma.08G200700,GmIAA18/26/28-B/Glyma.08G200700.1,G. max
Glyma.08G203100.1,A,Glyma.08G203100,GmIAA27-H/Glyma.08G203100.1,G. max
Glyma.08G207900.1,A,Glyma.08G207900,GmIAA6/19-D/Glyma.08G207900.1,G. max
Glyma.08G273500.1,A,Glyma.08G273500,GmIAA8-9-C/Glyma.08G273500.1,G. max
Glyma.09G193000.1,A,Glyma.09G193000,GmIAA27-D/Glyma.09G193000.1,G. max
Glyma.09G203300.1,A,Glyma.09G203300,GmIAA8-9-A/Glyma.09G203300.1,G. max
Glyma.10G000700.2,A,Glyma.10G000700,GmIAA1-4-C/Glyma.10G000700.2,G. max
Glyma.10G031800.3,A,Glyma.10G031800,GmIAA1-4-G/Glyma.10G031800.3,G. max
Glyma.10G031900.1,A,Glyma.10G031900,GmIAA16-E/Glyma.10G031900.1,G. max
Glyma.10G040400.3,B,Glyma.10G040400,GmIAA12-13-D/Glyma.10G040400.3,G. max
Glyma.10G138500.1,B,Glyma.10G138500,GmIAA31-E/Glyma.10G138500.1,G. max
Glyma.10G162400.2,A,Glyma.10G162400,GmIAA16-A/Glyma.10G162400.2,G. max
Glyma.10G180000.1,A,Glyma.10G180000,GmIAA1-4-A/Glyma.10G180000.1,G. max
Glyma.10G180100.1,A,Glyma.10G180100,GmIAA7/14/17-A/Glyma.10G180100.1,G. max
Glyma.10G270500.1,C,Glyma.10G270500,GmIAA32/34-A/Glyma.10G270500.1,G. max
Glyma.13G117100.1,B,Glyma.13G117100,GmIAA31-B/Glyma.13G117100.1,G. max
Glyma.13G127000.3,B,Glyma.13G127000,GmIAA12-13-C/Glyma.13G127000.3,G. max
Glyma.13G159000.1,C,Glyma.13G159000,GmIAA29-C/Glyma.13G159000.1,G. max
Glyma.13G354100.11,B,Glyma.13G354100,GmIAA18/26/28-C/Glyma.13G354100.11,G. max
Glyma.13G356600.1,A,Glyma.13G356600,GmIAA27-E/Glyma.13G356600.1,G. max
Glyma.13G361100.1,A,Glyma.13G361100,GmIAA6/19-A/Glyma.13G361100.1,G. max
Glyma.13G361200.5,C,Glyma.13G361200,GmIAA15-A/Glyma.13G361200.5,G. max
Glyma.14G185400.1,A,Glyma.14G185400,GmIAA8-9-G/Glyma.14G185400.1,G. max
Glyma.15G012700.1,C,Glyma.15G012700,GmIAA15-B/Glyma.15G012700.1,G. max
Glyma.15G012800.1,A,Glyma.15G012800,GmIAA6/19-B/Glyma.15G012800.1,G. max
Glyma.15G017500.1,A,Glyma.15G017500,GmIAA27-F/Glyma.15G017500.1,G. max
Glyma.15G020300.1,B,Glyma.15G020300,GmIAA18/26/28-D/Glyma.15G020300.1,G. max
Glyma.17G042800.1,B,Glyma.17G042800,GmIAA31-A/Glyma.17G042800.1,G. max
Glyma.17G112300.1,C,Glyma.17G112300,GmIAA29-D/Glyma.17G112300.1,G. max
Glyma.19G161000.1,A,Glyma.19G161000,GmIAA1-4-E/Glyma.19G161000.1,G. max
Glyma.19G161100.1,A,Glyma.19G161100,GmIAA16-G/Glyma.19G161100.1,G. max
Glyma.19G168500.1,B,Glyma.19G168500,GmIAA12-13-A/Glyma.19G168500.1,G. max
Glyma.19G221900.1,B,Glyma.19G221900,GmIAA31-C/Glyma.19G221900.1,G. max
Glyma.19G245200.1,A,Glyma.19G245200,GmIAA16-D/Glyma.19G245200.1,G. max
Glyma.20G083900.1,C,Glyma.20G083900,GmIAA33-A/Glyma.20G083900.1,G. max
Glyma.20G120800.1,C,Glyma.20G120800,GmIAA32/34-B/Glyma.20G120800.1,G. max
Glyma.20G210400.1,A,Glyma.20G210400,GmIAA7/14/17-B/Glyma.20G210400.1,G. max
Glyma.20G210500.1,A,Glyma.20G210500,GmIAA1-4-B/Glyma.20G210500.1,G. max
Glyma.20G225000.1,A,Glyma.20G225000,GmIAA16-B/Glyma.20G225000.1,G. max
GlysoPI483463.03G123600.1,A,GlysoPI483463.03G123600,GlysoPI483463.03G123600.1,G. soja
GlysoPI483463.03G131600.1,B,GlysoPI483463.03G131600,GlysoPI483463.03G131600.1,G. soja
GlysoPI483463.03G205900.1,A,GlysoPI483463.03G205900,GlysoPI483463.03G205900.1,G. soja
GlysoPI483463.04G061300.1,C,GlysoPI483463.04G061300,GlysoPI483463.04G061300.1,G. soja
GlysoPI483463.04G082100.1,A,GlysoPI483463.04G082100,GlysoPI483463.04G082100.1,G. soja
GlysoPI483463.05G196100.1,A,GlysoPI483463.05G196100,GlysoPI483463.05G196100.1,G. soja
GlysoPI483463.06G061200.1,C,GlysoPI483463.06G061200,GlysoPI483463.06G061200.1,G. soja
GlysoPI483463.06G083600.1,A,GlysoPI483463.06G083600,GlysoPI483463.06G083600.1,G. soja
GlysoPI483463.07G013300.1,B,GlysoPI483463.07G013300,GlysoPI483463.07G013300.1,G. soja
GlysoPI483463.08G184100.1,B,GlysoPI483463.08G184100,GlysoPI483463.08G184100.1,G. soja
GlysoPI483463.08G243300.1,A,GlysoPI483463.08G243300,GlysoPI483463.08G243300.1,G. soja
GlysoPI483463.09G151700.1,A,GlysoPI483463.09G151700,GlysoPI483463.09G151700.1,G. soja
GlysoPI483463.09G161100.1,A,GlysoPI483463.09G161100,GlysoPI483463.09G161100.1,G. soja
GlysoPI483463.10G000600.1,A,GlysoPI483463.10G000600,GlysoPI483463.10G000600.1,G. soja
GlysoPI483463.10G037300.1,B,GlysoPI483463.10G037300,GlysoPI483463.10G037300.1,G. soja
GlysoPI483463.10G133000.1,A,GlysoPI483463.10G133000,GlysoPI483463.10G133000.1,G. soja
GlysoPI483463.10G148800.1,A,GlysoPI483463.10G148800,GlysoPI483463.10G148800.1,G. soja
GlysoPI483463.10G148900.1,A,GlysoPI483463.10G148900,GlysoPI483463.10G148900.1,G. soja
GlysoPI483463.13G085100.1,B,GlysoPI483463.13G085100,GlysoPI483463.13G085100.1,G. soja
GlysoPI483463.13G095100.1,B,GlysoPI483463.13G095100,GlysoPI483463.13G095100.1,G. soja
GlysoPI483463.13G304400.1,A,GlysoPI483463.13G304400,GlysoPI483463.13G304400.1,G. soja
GlysoPI483463.13G308600.1,A,GlysoPI483463.13G308600,GlysoPI483463.13G308600.1,G. soja
GlysoPI483463.13G308700.1,C,GlysoPI483463.13G308700,GlysoPI483463.13G308700.1,G. soja
GlysoPI483463.17G039400.1,B,GlysoPI483463.17G039400,GlysoPI483463.17G039400.1,G. soja
GlysoPI483463.19G124800.1,A,GlysoPI483463.19G124800,GlysoPI483463.19G124800.1,G. soja
GlysoPI483463.19G132200.1,B,GlysoPI483463.19G132200,GlysoPI483463.19G132200.1,G. soja
GlysoPI483463.20G173300.1,A,GlysoPI483463.20G173300,GlysoPI483463.20G173300.1,G. soja
GlysoPI483463.20G173400.1,A,GlysoPI483463.20G173400,GlysoPI483463.20G173400.1,G. soja
GlysoPI483463.20G187100.1,A,GlysoPI483463.20G187100,GlysoPI483463.20G187100.1,G. soja
Lj1g0003344.1,C,Lj1g0003344,Lj1g0003344.1,L. japonicus
Lj1g0008395.1,A,Lj1g0008395,Lj1g0008395.1,L. japonicus
Lj1g0011851.1,B,Lj1g0011851,Lj1g0011851.1,L. japonicus
Lj1g0024576.1,A,Lj1g0024576,Lj1g0024576.1,L. japonicus
Lj1g0026469.1,B,Lj1g0026469,Lj1g0026469.1,L. japonicus
Lj1g0027501.1,A,Lj1g0027501,Lj1g0027501.1,L. japonicus
Lj2g0007769.1,A,Lj2g0007769,Lj2g0007769.1,L. japonicus
Lj2g0017783.1,B,Lj2g0017783,Lj2g0017783.1,L. japonicus
Lj2g0018097.2,A,Lj2g0018097,Lj2g0018097.2,L. japonicus
Lj3g0001057.2,A,Lj3g0001057,Lj3g0001057.2,L. japonicus
Lj3g0015366.1,B,Lj3g0015366,Lj3g0015366.1,L. japonicus
Lj3g0026009.1,A,Lj3g0026009,Lj3g0026009.1,L. japonicus
Lj3g0026810.1,B,Lj3g0026810,Lj3g0026810.1,L. japonicus
Lj4g0002430.1,B,Lj4g0002430,Lj4g0002430.1,L. japonicus
Lj4g0003272.1,C,Lj4g0003272,Lj4g0003272.1,L. japonicus
Lj4g0010977.1,C,Lj4g0010977,Lj4g0010977.1,L. japonicus
Lj4g0021637.1,A,Lj4g0021637,Lj4g0021637.1,L. japonicus
Lj5g0006480.1,B,Lj5g0006480,Lj5g0006480.1,L. japonicus
Lj5g0007982.1,A,Lj5g0007982,Lj5g0007982.1,L. japonicus
Lj5g0009810.1,C,Lj5g0009810,Lj5g0009810.1,L. japonicus
Lj5g0010241.1,A,Lj5g0010241,Lj5g0010241.1,L. japonicus
Lj5g0011060.1,A,Lj5g0011060,Lj5g0011060.1,L. japonicus
Lj5g0014958.1,B,Lj5g0014958,Lj5g0014958.1,L. japonicus
Lj5g0015298.1,A,Lj5g0015298,Lj5g0015298.1,L. japonicus
Lj5g0019198.1,A,Lj5g0019198,Lj5g0019198.1,L. japonicus
Lj5g0024280.1,C,Lj5g0024280,Lj5g0024280.1,L. japonicus
LjContig00408g0010987.2,A,LjContig00408g0010987,LjContig00408g0010987.2,L. japonicus
Medtr1g040675.1,A,Medtr1g040675,Medtr1g040675.1,M. truncatula
Medtr1g069495.1,B,Medtr1g069495,Medtr1g069495.1,M. truncatula
Medtr1g070520.1,A,Medtr1g070520,Medtr1g070520.1,M. truncatula
Medtr1g070830.1,A,Medtr1g070830,Medtr1g070830.1,M. truncatula
Medtr1g080860.1,A,Medtr1g080860,Medtr1g080860.1,M. truncatula
Medtr1g085750.1,B,Medtr1g085750,Medtr1g085750.1,M. truncatula
Medtr1g093240.2,A,Medtr1g093240,Medtr1g093240.2,M. truncatula
Medtr1g093350.1,A,Medtr1g093350,Medtr1g093350.1,M. truncatula
Medtr1g109510.1,C,Medtr1g109510,Medtr1g109510.1,M. truncatula
Medtr2g100780.2,B,Medtr2g100780,Medtr2g100780.2,M. truncatula
Medtr2g101500.1,A,Medtr2g101500,Medtr2g101500.1,M. truncatula
Medtr2g102490.1,C,Medtr2g102490,Medtr2g102490.1,M. truncatula
Medtr3g106850.1,C,Medtr3g106850,Medtr3g106850.1,M. truncatula
Medtr4g011880.1,A,Medtr4g011880,Medtr4g011880.1,M. truncatula
Medtr4g115075.1,C,Medtr4g115075,Medtr4g115075.1,M. truncatula
Medtr4g124300.1,B,Medtr4g124300,Medtr4g124300.1,M. truncatula
Medtr4g128070.1,C,Medtr4g128070,Medtr4g128070.1,M. truncatula
Medtr5g030710.1,A,Medtr5g030710,Medtr5g030710.1,M. truncatula
Medtr5g067350.1,A,Medtr5g067350,Medtr5g067350.1,M. truncatula
Medtr6g488150.1,A,Medtr6g488150,Medtr6g488150.1,M. truncatula
Medtr7g096090.1,A,Medtr7g096090,Medtr7g096090.1,M. truncatula
Medtr7g110790.1,B,Medtr7g110790,Medtr7g110790.1,M. truncatula
Medtr8g014520.1,B,Medtr8g014520,Medtr8g014520.1,M. truncatula
Medtr8g067530.1,A,Medtr8g067530,Medtr8g067530.1,M. truncatula
Medtr8g103030.1,A,Medtr8g103030,Medtr8g103030.1,M. truncatula
